dispute_sequence,utterance_id,ssot_logical_utterance_uid,old_order,new_order,old_timestamp,new_timestamp,text_changed,order_changed,reply_order_changed,needs_rereview
D01,449109941.23182.23182,,1,1,2011-09-08 10:22:31,2011-09-08 10:22:31,False,False,False,False
D01,449120907.23216.23216,wikiconv:449120907.23216.23216,2,2,2011-09-08 10:22:31,2011-09-08T09:22:31+00:00,False,False,True,True
D01,452350488.24584.24583,wikiconv:452350488.24584.24583,4,3,2011-09-08 12:22:20,2011-09-08T11:22:20+00:00,False,True,True,True
D01,452350488.25160.25159,wikiconv:452350488.25160.25159,5,4,2011-09-08 12:33:30,2011-09-08T11:33:30+00:00,False,True,True,True
D01,449117947.24220.24220,wikiconv:449117947.24220.24220,3,5,2011-09-08 11:49:05,2011-09-08 11:49:05,False,True,True,True
D01,449143272.25393.25393,wikiconv:449143272.25393.25393,6,6,2011-09-08 15:33:14,2011-09-08 15:33:14,False,False,True,True
D01,454304661.25642.25642,wikiconv:454304661.25642.25642,7,7,2011-10-06 23:51:00,2011-10-06 23:51:00,False,False,False,False
D01,454859589.26087.26087,wikiconv:454859589.26087.26087,8,8,2011-10-10 13:14:27,2011-10-10 13:14:27,False,False,False,False
D01,455048757.26332.26332,wikiconv:455048757.26332.26332,9,9,2011-10-11 16:06:31,2011-10-11 16:06:31,False,False,False,False
D01,467347162.26777.26777,wikiconv:467347162.26777.26777,10,10,2011-12-23 14:53:59,2011-12-23 14:53:59,False,False,True,True
D02,365528541.2222.2222,,1,1,2010-06-02 00:09:37,2010-06-02 00:09:37,False,False,False,False
D02,365528541.2247.2222,wikiconv:365528541.2247.2222,2,2,2010-06-02 00:09:37,2010-06-02 00:09:37,False,False,True,True
D02,365830055.2926.2926,wikiconv:365830055.2926.2926,3,3,2010-06-03 14:49:48,2010-06-03 14:49:48,False,False,False,False
D02,365889664.3377.3377,wikiconv:365889664.3377.3377,4,4,2010-06-03 20:56:16,2010-06-03T19:56:16+00:00,False,False,False,False
D02,367153252.3688.3688,wikiconv:367153252.3688.3688,5,5,2010-06-10 07:43:22,2010-06-10 07:43:22,False,False,False,False
D02,367276335.4347.4347,wikiconv:367276335.4347.4347,6,6,2010-06-10 21:12:08,2010-06-10 21:12:08,False,False,False,False
D02,367607022.5292.5292,wikiconv:367607022.5292.5292,7,7,2010-06-12 15:03:43,2010-06-12 15:03:43,False,False,True,True
D02,367624266.5725.5725,wikiconv:367624266.5725.5725,8,8,2010-06-12 17:35:55,2010-06-12 17:35:55,False,False,False,False
D02,367787691.6080.6080,wikiconv:367787691.6080.6080,9,9,2010-06-13 16:55:57,2010-06-13T15:55:57+00:00,False,False,True,True
D02,367795487.6483.6483,wikiconv:367795487.6483.6483,10,10,2010-06-13 17:55:59,2010-06-13 17:55:59,False,False,False,False
D02,368819743.7052.7052,wikiconv:368819743.7052.7052,11,11,2010-06-18 17:24:39,2010-06-18 17:24:39,False,False,False,False
D02,369081061.9503.9503,wikiconv:369081061.9503.9503,13,12,2010-06-19 23:56:31,2010-06-19T22:56:31+00:00,False,True,True,True
D02,369076787.9078.9078,wikiconv:369076787.9078.9078,12,13,2010-06-19 23:30:13,2010-06-19 23:30:13,False,True,False,True
D03,469418557.23929.23929,,1,1,2012-01-03 23:51:10,2012-01-03 23:51:10,False,False,False,False
D03,469418955.23946.23946,wikiconv:469418955.23946.23946,2,2,2012-01-03 23:51:10,2012-01-03T23:51:10+00:00,False,False,True,True
D03,469428602.24190.24190,wikiconv:469428602.24190.24190,3,3,2012-01-04 01:10:27,2012-01-04 01:10:27,False,False,False,False
D03,469438174.26043.26043,wikiconv:469438174.26043.26043,4,4,2012-01-04 02:33:08,2012-01-04 02:33:08,False,False,False,False
D03,469438261.26282.26282,wikiconv:469438261.26282.26282,5,5,2012-01-04 02:34:01,2012-01-04 02:34:01,False,False,False,False
D03,469438428.26433.26433,wikiconv:469438428.26433.26433,6,6,2012-01-04 02:35:48,2012-01-04 02:35:48,False,False,False,False
D03,469438899.27014.27014,wikiconv:469438899.27014.27014,7,7,2012-01-04 02:40:14,2012-01-04 02:40:14,False,False,False,False
D03,469480047.29394.29394,wikiconv:469480047.29394.29394,8,8,2012-01-04 09:16:16,2012-01-04 09:16:16,False,False,False,False
D03,469511411.31089.31089,wikiconv:469511411.31089.31089,9,9,2012-01-04 14:19:37,2012-01-04 14:19:37,False,False,False,False
D03,469651754.31329.31329,wikiconv:469651754.31329.31329,10,10,2012-01-05 04:06:37,2012-01-05 04:06:37,False,False,False,False
D03,469658098.31928.31928,wikiconv:469658098.31928.31928,11,11,2012-01-05 05:00:29,2012-01-05 05:00:29,False,False,False,False
D03,469704843.34026.32475,wikiconv:469704843.34026.32475,12,12,2012-01-05 12:40:27,2012-01-05 12:40:27,False,False,False,False
D03,469707104.34486.34486,wikiconv:469707104.34486.34486,13,13,2012-01-05 12:58:18,2012-01-05 12:58:18,False,False,False,False
D03,469711755.34927.34927,wikiconv:469711755.34927.34927,14,14,2012-01-05 13:36:30,2012-01-05 13:36:30,False,False,False,False
D03,470419551.35850.35850,wikiconv:470419551.35850.35850,15,15,2012-01-09 11:50:40,2012-01-09 11:50:40,False,False,True,True
D03,470653318.36076.36076,wikiconv:470653318.36076.36076,16,16,2012-01-10 18:25:59,2012-01-10 18:25:59,False,False,False,False
D04,714699894.93972.93972,wikiconv:714699894.93972.93972,1,1,2016-04-11 10:34:26,2016-04-11 10:34:26,False,False,False,False
D04,714699894.93998.93972,wikiconv:714699894.93998.93972,2,2,2016-04-11 10:34:26,2016-04-11 10:34:26,False,False,False,False
D04,714716705.94660.94660,wikiconv:714716705.94660.94660,3,3,2016-04-11 13:23:46,2016-04-11 13:23:46,False,False,False,False
D04,714748540.96907.96907,wikiconv:714748540.96907.96907,4,4,2016-04-11 17:36:25,2016-04-11 17:36:25,False,False,False,False
D04,714804813.97869.97490,wikiconv:714804813.97869.97490,6,5,2016-04-12 00:18:58,2016-04-12 00:18:58,False,True,False,True
D04,714838724.98703.98703,wikiconv:714838724.98703.98703,8,6,2016-04-12 05:05:08,2016-04-12 05:05:08,False,True,True,True
D04,714866065.101047.101047,wikiconv:714866065.101047.101047,11,7,2016-04-12 09:56:54,2016-04-12 09:56:54,False,True,True,True
D04,714983305.98821.98821,wikiconv:714983305.98821.98821,12,8,2016-04-13 01:33:46,2016-04-13 01:33:46,False,True,True,True
D04,714983305.103464.103195,wikiconv:714983305.103464.103195,13,9,2016-04-13 01:33:46,2016-04-13 01:33:46,False,True,True,True
D04,715003359.28485.28485,wikiconv:715003359.28485.28485,14,10,2016-04-13 04:40:09,2016-04-13 04:40:09,False,True,True,True
D04,715051022.28914.28914,wikiconv:715051022.28914.28914,15,11,2016-04-13 13:14:37,2016-04-13 13:14:37,False,True,True,True
D04,715154315.29840.29840,wikiconv:715154315.29840.29840,17,12,2016-04-14 02:23:17,2016-04-14 02:23:17,False,True,True,True
D04,715187067.29950.29950,wikiconv:715187067.29950.29950,18,13,2016-04-14 07:50:24,2016-04-14 07:50:24,False,True,True,True
D04,714748613.96746.96746,wikiconv:714748613.96746.96746,5,14,2016-04-11 17:37:05,2016-04-11 17:37:05,False,True,False,True
D04,714835444.98169.98169,wikiconv:714835444.98169.98169,7,15,2016-04-12 04:30:38,2016-04-12 04:30:38,False,True,True,True
D04,714860846.99114.99114,wikiconv:714860846.99114.99114,9,16,2016-04-12 09:04:19,2016-04-12 09:04:19,False,True,False,True
D04,714860995.99749.99749,wikiconv:714860995.99749.99749,10,17,2016-04-12 09:05:17,2016-04-12 09:05:17,False,True,False,True
D04,715133338.29482.29482,wikiconv:715133338.29482.29482,16,18,2016-04-13 23:28:50,2016-04-13 23:28:50,False,True,True,True
D05,781245470.3456.3456,,1,1,2017-05-20 01:55:25,2017-05-20 01:55:25,False,False,False,False
D05,781245470.3476.3456,wikiconv:781245470.3476.3456,2,2,2017-05-20 01:55:25,2017-05-20 01:55:25,False,False,True,True
D05,781327259.2525.2525,wikiconv:781327259.2525.2525,3,3,2017-05-20 16:07:34,2017-05-20 16:07:34,False,False,True,True
D05,781350271.3645.3645,wikiconv:781350271.3645.3645,4,4,2017-05-20 19:05:08,2017-05-20 19:05:08,False,False,False,False
D05,781382457.4545.4545,wikiconv:781382457.4545.4545,5,5,2017-05-20 23:15:14,2017-05-20 23:15:14,False,False,False,False
D05,781418739.5655.5655,wikiconv:781418739.5655.5655,6,6,2017-05-21 04:47:55,2017-05-21 04:47:55,False,False,True,True
D05,781433429.5936.5936,wikiconv:781433429.5936.5936,7,7,2017-05-21 07:25:04,2017-05-21 07:25:04,False,False,False,False
D05,781494536.9793.9793,wikiconv:781494536.9793.9793,9,8,2017-05-21 16:50:21,2017-05-21 16:50:21,False,True,True,True
D05,781543962.12161.12161,wikiconv:781543962.12161.12161,11,9,2017-05-21 22:22:17,2017-05-21T21:22:17+00:00,False,True,True,True
D05,781456235.6476.6476,wikiconv:781456235.6476.6476,8,10,2017-05-21 11:24:47,2017-05-21 11:24:47,False,True,False,True
D05,781521501.10851.10851,wikiconv:781521501.10851.10851,10,11,2017-05-21 20:05:04,2017-05-21 20:05:04,False,True,True,True
D06,11987337.88.88,,1,1,2005-04-07 05:07:20,2005-04-07 05:07:20,False,False,False,False
D06,11987337.105.88,wikiconv:11987337.105.88,2,2,2005-04-07 05:07:20,2005-04-07 05:07:20,False,False,True,True
D06,12021822.443.443,wikiconv:12021822.443.443,3,3,2005-04-07 08:11:18,2005-04-07 08:11:18,False,False,False,False
D06,12026928.514.514,wikiconv:12026928.514.514,4,4,2005-04-08 04:06:41,2005-04-08T03:06:41+00:00,False,False,False,False
D06,12040777.1409.1409,wikiconv:12040777.1409.1409,5,5,2005-04-08 07:09:37,2005-04-08 07:09:37,False,False,False,False
D06,12337168.1699.1699,wikiconv:12337168.1699.1699,6,6,2005-04-08 16:53:34,2005-04-08 16:53:34,False,False,False,False
D06,13742168.1956.1956,wikiconv:13742168.1956.1956,7,7,2005-04-15 10:18:37,2005-04-15T09:18:37+00:00,False,False,False,False
D07,17663565.0.0,wikiconv:17663565.0.0,1,1,2005-06-15 06:53:15,2005-06-15 06:53:15,False,False,False,False
D07,17663565.17.0,wikiconv:17663565.17.0,2,2,2005-06-15 06:53:15,2005-06-15 06:53:15,False,False,False,False
D07,20965557.231.231,wikiconv:20965557.231.231,3,3,2005-08-14 03:49:18,2005-08-14 03:49:18,False,False,False,False
D07,21501627.925.925,wikiconv:21501627.925.925,4,4,2005-08-21 16:05:05,2005-08-21 16:05:05,False,False,False,False
D07,32922858.1612.1612,wikiconv:32922858.1612.1612,5,5,2005-12-27 22:40:18,2005-12-27 22:40:18,False,False,False,False
D07,32923175.2176.2176,wikiconv:32923175.2176.2176,6,6,2005-12-27 22:43:50,2005-12-27 22:43:50,False,False,False,False
D08,557460332.59541.59541,,1,1,2013-05-30 05:18:56,2013-05-30 05:18:56,False,False,False,False
D08,557460332.59569.59541,wikiconv:557460332.59569.59541,2,2,2013-05-30 05:18:56,2013-05-30 05:18:56,False,False,True,True
D08,557461999.60762.60762,wikiconv:557461999.60762.60762,3,3,2013-05-30 05:34:35,2013-05-30 05:34:35,False,False,False,False
D08,557467544.60914.60914,wikiconv:557467544.60914.60914,4,4,2013-05-30 06:28:51,2013-05-30 06:28:51,False,False,False,False
D08,557470404.61040.61040,wikiconv:557470404.61040.61040,5,5,2013-05-30 06:55:27,2013-05-30 06:55:27,False,False,False,False
D08,557477145.61522.61522,wikiconv:557477145.61522.61522,6,6,2013-05-30 08:07:40,2013-05-30 08:07:40,False,False,False,False
D08,557491531.61854.61854,wikiconv:557491531.61854.61854,7,7,2013-05-30 10:50:10,2013-05-30 10:50:10,False,False,False,False
D08,557515715.62640.62640,wikiconv:557515715.62640.62640,8,8,2013-05-30 14:28:38,2013-05-30 14:28:38,False,False,False,False
D08,557541460.64739.64739,wikiconv:557541460.64739.64739,9,9,2013-05-30 17:33:25,2013-05-30 17:33:25,False,False,False,False
D08,557542208.65101.65101,wikiconv:557542208.65101.65101,10,10,2013-05-30 17:38:09,2013-05-30 17:38:09,False,False,False,False
D08,557544613.65225.65225,wikiconv:557544613.65225.65225,11,11,2013-05-30 17:54:57,2013-05-30 17:54:57,False,False,False,False
D08,557808902.65418.65418,wikiconv:557808902.65418.65418,12,12,2013-06-01 10:44:53,2013-06-01 10:44:53,False,False,False,False
D08,558301329.65795.65795,wikiconv:558301329.65795.65795,13,13,2013-06-04 16:23:53,2013-06-04 16:23:53,False,False,False,False
D09,649421080.5529.5529,,1,1,2015-03-01 19:52:45,2015-03-01 19:52:45,False,False,False,False
D09,649434094.6609.6253,wikiconv:649434094.6609.6253,2,2,2015-03-01 20:36:28,2015-03-01T20:36:28+00:00,False,False,True,True
D09,649434094.5702.5702,wikiconv:649434094.5702.5702,3,3,2015-03-01 20:53:45,2015-03-01T20:53:45+00:00,False,False,True,True
D09,649438111.7615.7615,wikiconv:649438111.7615.7615,4,4,2015-03-01 22:04:59,2015-03-01 22:04:59,False,False,False,False
D09,649510685.7855.7855,wikiconv:649510685.7855.7855,5,5,2015-03-02 09:15:36,2015-03-02 09:15:36,False,False,False,False
D09,649514098.8219.8219,wikiconv:649514098.8219.8219,6,6,2015-03-02 09:46:13,2015-03-02 09:46:13,False,False,False,False
D09,649678839.8511.8511,wikiconv:649678839.8511.8511,7,7,2015-03-03 12:15:30,2015-03-03 12:15:30,False,False,False,False
D09,649680254.9010.9010,wikiconv:649680254.9010.9010,8,8,2015-03-03 12:33:53,2015-03-03 12:33:53,False,False,False,False
D09,649681508.9322.9322,wikiconv:649681508.9322.9322,9,9,2015-03-03 12:48:33,2015-03-03T12:48:33+00:00,False,False,False,False
D09,649681994.9426.9426,wikiconv:649681994.9426.9426,10,10,2015-03-03 12:54:44,2015-03-03 12:54:44,False,False,False,False
D09,649682387.9546.9546,wikiconv:649682387.9546.9546,11,11,2015-03-03 12:58:52,2015-03-03 12:58:52,False,False,False,False
D09,649817857.9753.9753,wikiconv:649817857.9753.9753,12,12,2015-03-04 09:25:04,2015-03-04T09:25:04+00:00,False,False,False,False
D09,649915139.10808.10808,wikiconv:649915139.10808.10808,13,13,2015-03-05 00:05:51,2015-03-05T00:05:51+00:00,False,False,False,False
D09,649970070.13164.13164,wikiconv:649970070.13164.13164,14,14,2015-03-05 09:41:50,2015-03-05T09:41:50+00:00,False,False,False,False
D09,651773807.13731.13731,wikiconv:651773807.13731.13731,15,15,2015-03-17 12:31:48,2015-03-17 12:31:48,False,False,False,False
D09,654167651.13946.13946,wikiconv:654167651.13946.13946,16,16,2015-03-30 12:45:31,2015-03-30 12:45:31,False,False,False,False
D10,821005132.10328.10328,,1,1,2018-01-17 21:45:17,2018-01-17 21:45:17,False,False,False,False
D10,821005132.10351.10328,wikiconv:821005132.10351.10328,2,2,2018-01-17 21:45:17,2018-01-17 21:45:17,False,False,True,True
D10,821084011.10924.10924,wikiconv:821084011.10924.10924,3,3,2018-01-18 08:22:50,2018-01-18 08:22:50,False,False,True,True
D10,821094229.12823.12823,wikiconv:821094229.12823.12823,4,4,2018-01-18 10:03:08,2018-01-18 10:03:08,False,False,False,False
D10,821096244.13757.13757,wikiconv:821096244.13757.13757,5,5,2018-01-18 10:27:27,2018-01-18 10:27:27,False,False,False,False
D10,821100479.14380.14380,wikiconv:821100479.14380.14380,6,6,2018-01-18 11:13:25,2018-01-18 11:13:25,False,False,False,False
D10,821130366.15078.15078,wikiconv:821130366.15078.15078,7,7,2018-01-18 16:00:14,2018-01-18 16:00:14,False,False,True,True
D10,821145938.16250.16250,wikiconv:821145938.16250.16250,8,8,2018-01-18 17:56:14,2018-01-18 17:56:14,False,False,False,False
D10,821325699.16533.16533,wikiconv:821325699.16533.16533,9,9,2018-01-19 19:33:12,2018-01-19 19:33:12,False,False,False,False
D10,821584093.17066.17066,wikiconv:821584093.17066.17066,10,10,2018-01-21 11:01:28,2018-01-21 11:01:28,False,False,False,False
D10,821604638.17751.17751,wikiconv:821604638.17751.17751,11,11,2018-01-21 14:20:53,2018-01-21 14:20:53,False,False,True,True
D10,821726999.18312.18312,wikiconv:821726999.18312.18312,13,12,2018-01-22 07:28:07,2018-01-22 07:28:07,False,True,True,True
D10,821780340.19038.19038,wikiconv:821780340.19038.19038,14,13,2018-01-22 16:10:20,2018-01-22 16:10:20,False,True,True,True
D10,821797017.19490.19432,wikiconv:821797017.19490.19432,15,14,2018-01-22 18:03:43,2018-01-22 18:03:43,False,True,True,True
D10,821805207.20221.20221,wikiconv:821805207.20221.20221,16,15,2018-01-22 19:03:05,2018-01-22 19:03:05,False,True,True,True
D10,822094469.20512.20512,wikiconv:822094469.20512.20512,17,16,2018-01-24 10:28:33,2018-01-24 10:28:33,False,True,True,True
D10,821662831.17954.17954,wikiconv:821662831.17954.17954,12,17,2018-01-21 21:45:55,2018-01-21 21:45:55,False,True,True,True
D11,500999211.748.748,,1,1,2012-07-06 21:04:05,2012-07-06 21:04:05,False,False,False,False
D11,502099479.1800.1800,wikiconv:502099479.1800.1800,3,2,2012-07-13 18:53:00,2012-07-13 18:53:00,False,True,True,True
D11,502099809.2947.2947,wikiconv:502099809.2947.2947,4,3,2012-07-13 18:54:59,2012-07-13 18:54:59,False,True,True,True
D11,503026903.3198.3198,wikiconv:503026903.3198.3198,5,4,2012-07-18 22:53:50,2012-07-18 22:53:50,False,True,True,True
D11,503120888.3303.3303,wikiconv:503120888.3303.3303,6,5,2012-07-19 15:02:24,2012-07-19 15:02:24,False,True,True,True
D11,503206827.3526.3526,wikiconv:503206827.3526.3526,7,6,2012-07-20 02:01:16,2012-07-20 02:01:16,False,True,True,True
D11,503207339.4135.4135,wikiconv:503207339.4135.4135,8,7,2012-07-20 02:05:43,2012-07-20 02:05:43,False,True,True,True
D11,503217973.4311.4253,wikiconv:503217973.4311.4253,10,8,2012-07-20 03:58:38,2012-07-20 03:58:38,False,True,True,True
D11,503219099.4490.4490,wikiconv:503219099.4490.4490,11,9,2012-07-20 04:09:06,2012-07-20 04:09:06,False,True,True,True
D11,505635118.4912.4912,wikiconv:505635118.4912.4912,13,10,2012-08-03 21:54:08,2012-08-03 21:54:08,False,True,True,True
D11,505673578.5021.5021,wikiconv:505673578.5021.5021,14,11,2012-08-04 03:11:20,2012-08-04 03:11:20,False,True,True,True
D11,505819355.5604.5604,wikiconv:505819355.5604.5604,15,12,2012-08-05 00:32:57,2012-08-05 00:32:57,False,True,True,True
D11,505819532.5801.5801,wikiconv:505819532.5801.5801,16,13,2012-08-05 00:34:33,2012-08-05 00:34:33,False,True,True,True
D11,501000562.792.792,wikiconv:501000562.792.792,2,14,2012-07-06 21:15:29,2012-07-06 21:15:29,False,True,True,True
D11,503217973.3885.3885,wikiconv:503217973.3885.3885,9,15,2012-07-20 03:58:38,2012-07-20 03:58:38,False,True,True,True
D11,503462527.4666.4666,wikiconv:503462527.4666.4666,12,16,2012-07-21 18:33:03,2012-07-21 18:33:03,False,True,True,True
D12,86372991.130.0,,1,1,2006-11-07 22:56:41,2006-11-07 22:56:41,False,False,False,False
D12,86450171.148.148,wikiconv:86450171.148.148,2,2,2006-11-07 22:56:41,2006-11-07T22:56:41+00:00,False,False,True,True
D12,86450171.1766.1767,wikiconv:86450171.1766.1767,3,3,2006-11-08 07:40:32,2006-11-08 07:40:32,False,False,False,False
D12,89025434.2033.2033,wikiconv:89025434.2033.2033,4,4,2006-11-20 15:51:13,2006-11-20 15:51:13,False,False,True,True
D12,89030934.2756.2756,wikiconv:89030934.2756.2756,5,5,2006-11-20 16:22:56,2006-11-20 16:22:56,False,False,False,False
D12,89079449.3120.3120,wikiconv:89079449.3120.3120,6,6,2006-11-20 20:40:58,2006-11-20 20:40:58,False,False,False,False
D13,600220447.57405.57405,wikiconv:600220447.57405.57405,1,1,2014-03-18 21:55:33,2014-03-18 21:55:33,False,False,False,False
D13,600220623.57421.57421,wikiconv:600220623.57421.57421,2,2,2014-03-18 21:55:33,2014-03-18T21:55:33+00:00,False,False,False,False
D13,600225706.59152.59152,wikiconv:600225706.59152.59152,3,3,2014-03-18 22:36:47,2014-03-18 22:36:47,False,False,False,False
D13,600226702.59606.59606,wikiconv:600226702.59606.59606,4,4,2014-03-18 22:44:25,2014-03-18 22:44:25,False,False,False,False
D13,600227330.60324.60324,wikiconv:600227330.60324.60324,5,5,2014-03-18 22:49:06,2014-03-18 22:49:06,False,False,False,False
D13,600227757.60635.60635,wikiconv:600227757.60635.60635,6,6,2014-03-18 22:52:07,2014-03-18 22:52:07,False,False,False,False
D13,600228374.61021.61021,wikiconv:600228374.61021.61021,7,7,2014-03-18 22:57:02,2014-03-18 22:57:02,False,False,False,False
D13,600228859.61499.61499,wikiconv:600228859.61499.61499,8,8,2014-03-18 23:00:27,2014-03-18 23:00:27,False,False,False,False
D13,600233608.66467.66467,wikiconv:600233608.66467.66467,9,9,2014-03-18 23:39:25,2014-03-18T23:39:25+00:00,False,False,False,False
D13,600234391.66967.66967,wikiconv:600234391.66967.66967,10,10,2014-03-18 23:47:16,2014-03-18T23:47:16+00:00,False,False,False,False
D13,600234490.66967.66967,wikiconv:600234490.66967.66967,11,11,2014-03-18 23:48:32,2014-03-18 23:48:32,False,False,False,False
D13,600235823.67385.67385,wikiconv:600235823.67385.67385,12,12,2014-03-18 23:59:08,2014-03-18T23:59:08+00:00,False,False,False,False
D13,600236360.67640.67640,wikiconv:600236360.67640.67640,13,13,2014-03-19 00:03:56,2014-03-19 00:03:56,False,False,False,False
D13,600236931.67838.67838,wikiconv:600236931.67838.67838,14,14,2014-03-19 00:09:04,2014-03-19 00:09:04,False,False,False,False
D13,600237803.68163.68163,wikiconv:600237803.68163.68163,15,15,2014-03-19 00:16:08,2014-03-19 00:16:08,False,False,False,False
D13,600238335.68326.68326,wikiconv:600238335.68326.68326,16,16,2014-03-19 00:21:10,2014-03-19 00:21:10,False,False,False,False
D13,600238769.68839.68839,wikiconv:600238769.68839.68839,17,17,2014-03-19 00:24:50,2014-03-19 00:24:50,False,False,False,False
D13,600239451.68965.68965,wikiconv:600239451.68965.68965,18,18,2014-03-19 00:30:40,2014-03-19 00:30:40,False,False,False,False
D13,600240985.69478.69478,wikiconv:600240985.69478.69478,19,19,2014-03-19 00:44:03,2014-03-19 00:44:03,False,False,False,False
D13,600241374.70739.70739,wikiconv:600241374.70739.70739,20,20,2014-03-19 00:47:50,2014-03-19 00:47:50,False,False,False,False
D13,600615120.102128.102128,wikiconv:600615120.102128.102128,21,21,2014-03-21 16:35:17,2014-03-21T16:35:17+00:00,False,False,False,False
D14,6978062.0.0,,1,1,2004-10-30 10:34:04,2004-10-30 10:34:04,False,False,False,False
D14,6978916.202.202,wikiconv:6978916.202.202,2,2,2004-10-30 11:55:41,2004-10-30 11:55:41,False,False,True,True
D14,6978951.601.601,wikiconv:6978951.601.601,3,3,2004-10-30 11:58:41,2004-10-30 11:58:41,False,False,False,False
D14,6989460.897.897,wikiconv:6989460.897.897,4,4,2004-10-30 17:58:28,2004-10-30 17:58:28,False,False,False,False
D14,7060278.1186.1186,wikiconv:7060278.1186.1186,5,5,2004-10-30 20:49:42,2004-10-30 20:49:42,False,False,False,False
D14,7066369.1509.1509,wikiconv:7066369.1509.1509,6,6,2004-11-03 03:02:22,2004-11-03 03:02:22,False,False,False,False
D14,7156853.2970.2970,wikiconv:7156853.2970.2970,7,7,2004-11-06 03:41:16,2004-11-06T03:41:16+00:00,False,False,False,False
D14,7156853.5730.5622,wikiconv:7156853.5730.5622,8,8,2004-11-06 13:30:54,2004-11-06 13:30:54,False,False,False,False
D14,7157284.6167.6167,wikiconv:7157284.6167.6167,9,9,2004-11-06 13:54:35,2004-11-06 13:54:35,False,False,False,False
D15,140702270.4282.4282,wikiconv:140702270.4282.4282,1,1,2007-06-26 09:46:51,2007-06-26 09:46:51,False,False,False,False
D15,140702270.4311.4282,wikiconv:140702270.4311.4282,2,2,2007-06-26 09:46:51,2007-06-26 09:46:51,False,False,False,False
D15,140716230.4758.4758,wikiconv:140716230.4758.4758,3,3,2007-06-26 11:49:44,2007-06-26 11:49:44,False,False,False,False
D15,152787034.5110.5110,wikiconv:152787034.5110.5110,4,4,2007-08-21 23:22:21,2007-08-21 23:22:21,False,False,False,False
D15,152787819.6146.6146,wikiconv:152787819.6146.6146,5,5,2007-08-21 23:26:17,2007-08-21 23:26:17,False,False,False,False
D16,605916092.22490.22490,,1,1,2014-04-26 17:56:13,2014-04-26 17:56:13,False,False,False,False
D16,606309088.15254.15254,wikiconv:606309088.15254.15254,4,2,2014-04-29 11:22:17,2014-04-29 11:22:17,False,True,True,True
D16,606800823.15399.15399,wikiconv:606800823.15399.15399,5,3,2014-05-02 19:17:09,2014-05-02 19:17:09,False,True,True,True
D16,606024046.22544.22544,wikiconv:606024046.22544.22544,2,4,2014-04-27 13:28:12,2014-04-27 13:28:12,False,True,True,True
D16,606301823.13977.13977,wikiconv:606301823.13977.13977,3,5,2014-04-29 10:05:04,2014-04-29 10:05:04,False,True,True,True
D17,661552475.107580.107580,,1,1,2015-05-09 14:46:26,2015-05-09 14:46:26,False,False,False,False
D17,662046446.113863.113863,wikiconv:662046446.113863.113863,3,2,2015-05-12 20:19:44,2015-05-12 20:19:44,False,True,True,True
D17,662238077.117693.117693,wikiconv:662238077.117693.117693,4,3,2015-05-14 02:26:44,2015-05-14 02:26:44,False,True,True,True
D17,662027471.107616.107616,wikiconv:662027471.107616.107616,2,4,2015-05-12 18:07:08,2015-05-12 18:07:08,False,True,True,True
D17,665698737.116981.116679,wikiconv:665698737.116981.116679,5,5,2015-06-06 02:38:37,2015-06-06 02:38:37,False,False,True,True
D17,665698737.119267.118957,wikiconv:665698737.119267.118957,6,6,2015-06-06 02:38:37,2015-06-06 02:38:37,False,False,True,True
D18,504097375.22077.22077,,1,1,2012-07-25 12:25:35,2012-07-25 12:25:35,False,False,False,False
D18,504287797.23611.23611,wikiconv:504287797.23611.23611,4,2,2012-07-26 17:14:07,2012-07-26 17:14:07,False,True,True,True
D18,504289158.24539.24539,wikiconv:504289158.24539.24539,5,3,2012-07-26 17:23:52,2012-07-26 17:23:52,False,True,True,True
D18,504290459.25030.25030,wikiconv:504290459.25030.25030,6,4,2012-07-26 17:33:24,2012-07-26 17:33:24,False,True,True,True
D18,504451102.25271.25271,wikiconv:504451102.25271.25271,7,5,2012-07-27 17:19:29,2012-07-27 17:19:29,False,True,True,True
D18,504968806.26247.26247,wikiconv:504968806.26247.26247,8,6,2012-07-30 19:01:16,2012-07-30 19:01:16,False,True,True,True
D18,504970960.27445.27445,wikiconv:504970960.27445.27445,9,7,2012-07-30 19:18:09,2012-07-30 19:18:09,False,True,True,True
D18,504975435.28158.28158,wikiconv:504975435.28158.28158,10,8,2012-07-30 19:52:42,2012-07-30 19:52:42,False,True,True,True
D18,504977245.28679.28679,wikiconv:504977245.28679.28679,11,9,2012-07-30 20:07:14,2012-07-30 20:07:14,False,True,True,True
D18,505310930.29101.29101,wikiconv:505310930.29101.29101,12,10,2012-08-01 20:40:58,2012-08-01 20:40:58,False,True,True,True
D18,504097450.22092.22092,wikiconv:504097450.22092.22092,2,11,2012-07-25 12:26:34,2012-07-25 12:26:34,False,True,True,True
D18,504275365.22504.22504,wikiconv:504275365.22504.22504,3,12,2012-07-26 15:43:15,2012-07-26 15:43:15,False,True,True,True
D19,504527620.141500.141500,,1,1,2012-07-28 03:05:47,2012-07-28 03:05:47,False,False,False,False
D19,504527620.141525.141500,wikiconv:504527620.141525.141500,2,2,2012-07-28 03:05:47,2012-07-28 03:05:47,False,False,True,True
D19,504528445.142028.142028,wikiconv:504528445.142028.142028,3,3,2012-07-28 03:15:25,2012-07-28 03:15:25,False,False,False,False
D19,504528994.142509.142509,wikiconv:504528994.142509.142509,4,4,2012-07-28 03:21:32,2012-07-28 03:21:32,False,False,False,False
D19,504529794.142801.142801,wikiconv:504529794.142801.142801,5,5,2012-07-28 03:31:59,2012-07-28 03:31:59,False,False,False,False
D19,504530006.142801.142801,wikiconv:504530006.142801.142801,6,6,2012-07-28 03:34:33,2012-07-28 03:34:33,False,False,False,False
D19,504530719.143338.143338,wikiconv:504530719.143338.143338,7,7,2012-07-28 03:43:13,2012-07-28 03:43:13,False,False,False,False
D19,504532117.143634.143634,wikiconv:504532117.143634.143634,8,8,2012-07-28 03:58:21,2012-07-28 03:58:21,False,False,False,False
D19,504533384.144526.144526,wikiconv:504533384.144526.144526,9,9,2012-07-28 04:14:09,2012-07-28 04:14:09,False,False,False,False
D19,504534062.144742.144742,wikiconv:504534062.144742.144742,10,10,2012-07-28 04:22:37,2012-07-28 04:22:37,False,False,False,False
D19,504536626.145934.145934,wikiconv:504536626.145934.145934,12,11,2012-07-28 04:54:42,2012-07-28 04:54:42,False,True,False,True
D19,504537212.146107.146107,wikiconv:504537212.146107.146107,13,12,2012-07-28 05:01:22,2012-07-28 05:01:22,False,True,True,True
D19,504537756.146412.146412,wikiconv:504537756.146412.146412,14,13,2012-07-28 05:09:15,2012-07-28 05:09:15,False,True,True,True
D19,504538315.146612.146612,wikiconv:504538315.146612.146612,15,14,2012-07-28 05:16:47,2012-07-28 05:16:47,False,True,True,True
D19,504538651.147270.147270,wikiconv:504538651.147270.147270,16,15,2012-07-28 05:21:24,2012-07-28 05:21:24,False,True,True,True
D19,504539445.147542.147542,wikiconv:504539445.147542.147542,17,16,2012-07-28 05:31:49,2012-07-28 05:31:49,False,True,True,True
D19,504539737.147934.147934,wikiconv:504539737.147934.147934,18,17,2012-07-28 05:35:53,2012-07-28 05:35:53,False,True,True,True
D19,504540155.148071.148071,wikiconv:504540155.148071.148071,19,18,2012-07-28 05:41:56,2012-07-28 05:41:56,False,True,True,True
D19,504540562.148269.148269,wikiconv:504540562.148269.148269,20,19,2012-07-28 05:47:50,2012-07-28 05:47:50,False,True,True,True
D19,504541405.148269.148269,wikiconv:504541405.148269.148269,21,20,2012-07-28 05:58:18,2012-07-28 05:58:18,False,True,True,True
D19,504541405.149344.148742,wikiconv:504541405.149344.148742,22,21,2012-07-28 05:58:18,2012-07-28 05:58:18,False,True,True,True
D19,504544376.148871.148871,wikiconv:504544376.148871.148871,23,22,2012-07-28 06:34:50,2012-07-28 06:34:50,False,True,True,True
D19,504545498.149195.149195,wikiconv:504545498.149195.149195,24,23,2012-07-28 06:49:23,2012-07-28 06:49:23,False,True,True,True
D19,504547699.150259.150259,wikiconv:504547699.150259.150259,25,24,2012-07-28 07:22:32,2012-07-28 07:22:32,False,True,True,True
D19,504549990.150467.150467,wikiconv:504549990.150467.150467,26,25,2012-07-28 07:51:14,2012-07-28 07:51:14,False,True,True,True
D19,504607030.150649.150649,wikiconv:504607030.150649.150649,27,26,2012-07-28 16:52:59,2012-07-28 16:52:59,False,True,True,True
D19,504851158.151403.151403,wikiconv:504851158.151403.151403,28,27,2012-07-30 01:22:02,2012-07-30 01:22:02,False,True,True,True
D19,504860300.152133.152133,wikiconv:504860300.152133.152133,29,28,2012-07-30 02:44:32,2012-07-30 02:44:32,False,True,True,True
D19,504860680.152428.152421,wikiconv:504860680.152428.152421,31,29,2012-07-30 02:47:42,2012-07-30 02:47:42,False,True,True,True
D19,504865934.152582.152582,wikiconv:504865934.152582.152582,32,30,2012-07-30 03:35:21,2012-07-30 03:35:21,False,True,True,True
D19,504998860.152848.152848,wikiconv:504998860.152848.152848,33,31,2012-07-30 22:46:00,2012-07-30 22:46:00,False,True,True,True
D19,504534524.144883.144883,wikiconv:504534524.144883.144883,11,32,2012-07-28 04:28:39,2012-07-28 04:28:39,False,True,False,True
D19,504860680.151760.151760,wikiconv:504860680.151760.151760,30,33,2012-07-30 02:47:42,2012-07-30 02:47:42,False,True,True,True
D20,106685465.130622.130622,,1,1,2007-02-08 22:22:19,2007-02-08 22:22:19,False,False,False,False
D20,106685465.130658.130622,wikiconv:106685465.130658.130622,2,2,2007-02-08 22:22:19,2007-02-08 22:22:19,False,False,True,True
D20,106686399.131576.131576,wikiconv:106686399.131576.131576,3,3,2007-02-08 22:26:07,2007-02-08 22:26:07,False,False,False,False
D20,106689031.131779.131779,wikiconv:106689031.131779.131779,4,4,2007-02-08 22:36:53,2007-02-08 22:36:53,False,False,False,False
D20,106693573.132673.132673,wikiconv:106693573.132673.132673,5,5,2007-02-08 22:57:27,2007-02-08 22:57:27,False,False,False,False
D20,106694894.132822.132822,wikiconv:106694894.132822.132822,6,6,2007-02-08 23:02:53,2007-02-08 23:02:53,False,False,False,False
D20,106696464.133134.133134,wikiconv:106696464.133134.133134,7,7,2007-02-08 23:09:26,2007-02-08 23:09:26,False,False,False,False
D20,106698655.133954.133954,wikiconv:106698655.133954.133954,8,8,2007-02-08 23:18:33,2007-02-08 23:18:33,False,False,False,False
D20,106699314.134469.134469,wikiconv:106699314.134469.134469,9,9,2007-02-08 23:21:25,2007-02-08 23:21:25,False,False,True,True
D20,106700738.133954.133954,wikiconv:106700738.133954.133954,10,10,2007-02-08 23:27:34,2007-02-08 23:27:34,False,False,False,False
D20,106711648.135334.135334,wikiconv:106711648.135334.135334,11,11,2007-02-09 00:16:03,2007-02-09 00:16:03,False,False,False,False
D20,106716154.135806.135806,wikiconv:106716154.135806.135806,12,12,2007-02-09 00:36:45,2007-02-09 00:36:45,False,False,False,False
D20,106717183.136041.136041,wikiconv:106717183.136041.136041,13,13,2007-02-09 00:41:30,2007-02-09 00:41:30,False,False,False,False
D20,106722882.136394.136394,wikiconv:106722882.136394.136394,14,14,2007-02-09 01:05:25,2007-02-09T01:05:25+00:00,False,False,False,False
D20,106727977.135121.135121,wikiconv:106727977.135121.135121,15,15,2007-02-09 01:27:52,2007-02-09 01:27:52,False,False,False,False
D21,511894616.86007.86007,,1,1,2012-09-11 19:56:13,2012-09-11 19:56:13,False,False,False,False
D21,511894616.86053.86007,wikiconv:511894616.86053.86007,2,2,2012-09-11 19:56:13,2012-09-11 19:56:13,False,False,True,True
D21,512207755.86738.86738,wikiconv:512207755.86738.86738,3,3,2012-09-13 17:43:05,2012-09-13 17:43:05,False,False,False,False
D21,512227168.86989.86989,wikiconv:512227168.86989.86989,4,4,2012-09-13 19:46:43,2012-09-13 19:46:43,False,False,False,False
D21,512355417.88239.88239,wikiconv:512355417.88239.88239,6,5,2012-09-14 09:42:55,2012-09-14 09:42:55,False,True,True,True
D21,512932280.89377.89377,wikiconv:512932280.89377.89377,7,6,2012-09-16 17:56:40,2012-09-16 17:56:40,False,True,True,True
D21,513129274.89975.89975,wikiconv:513129274.89975.89975,8,7,2012-09-17 11:47:22,2012-09-17 11:47:22,False,True,True,True
D21,513415916.90136.90136,wikiconv:513415916.90136.90136,9,8,2012-09-18 19:57:34,2012-09-18 19:57:34,False,True,True,True
D21,512309323.87890.87890,wikiconv:512309323.87890.87890,5,9,2012-09-14 04:13:40,2012-09-14 04:13:40,False,True,False,True
D22,132964391.21308.21308,,1,1,2007-05-23 17:46:12,2007-05-23 17:46:12,False,False,False,False
D22,132964391.21337.21308,wikiconv:132964391.21337.21308,2,2,2007-05-23 17:46:12,2007-05-23 17:46:12,False,False,True,True
D22,133125631.22946.22946,wikiconv:133125631.22946.22946,3,3,2007-05-24 08:45:40,2007-05-24T07:45:40+00:00,False,False,True,True
D22,133185881.26454.26454,wikiconv:133185881.26454.26454,5,4,2007-05-24 16:11:03,2007-05-24T15:11:03+00:00,False,True,True,True
D22,133180194.24327.24327,wikiconv:133180194.24327.24327,4,5,2007-05-24 15:41:34,2007-05-24 15:41:34,False,True,True,True
D22,133194649.27722.27722,wikiconv:133194649.27722.27722,6,6,2007-05-24 16:58:12,2007-05-24 16:58:12,False,False,True,True
D22,133201175.28648.28648,wikiconv:133201175.28648.28648,7,7,2007-05-24 17:30:18,2007-05-24 17:30:18,False,False,True,True
D22,133430871.30166.30166,wikiconv:133430871.30166.30166,8,8,2007-05-25 16:13:23,2007-05-25T15:13:23+00:00,False,False,True,True
D22,133477699.33244.33244,wikiconv:133477699.33244.33244,9,9,2007-05-25 18:51:09,2007-05-25T17:51:09+00:00,False,False,False,False
D22,133466263.30922.30922,wikiconv:133466263.30922.30922,10,10,2007-05-25 19:21:21,2007-05-25 19:21:21,False,False,False,False
D22,133467582.32404.32404,wikiconv:133467582.32404.32404,11,11,2007-05-25 19:27:08,2007-05-25 19:27:08,False,False,False,False
D22,133475192.32790.32790,wikiconv:133475192.32790.32790,12,12,2007-05-25 20:01:02,2007-05-25 20:01:02,False,False,False,False
D22,133801892.36236.36236,wikiconv:133801892.36236.36236,13,13,2007-05-27 07:20:29,2007-05-27 07:20:29,False,False,True,True
D22,133975276.36783.36783,wikiconv:133975276.36783.36783,14,14,2007-05-27 09:50:59,2007-05-27T08:50:59+00:00,False,False,False,False
D22,134064262.40267.40267,wikiconv:134064262.40267.40267,15,15,2007-05-28 13:35:59,2007-05-28 13:35:59,False,False,False,False
D22,134085086.42111.42111,wikiconv:134085086.42111.42111,16,16,2007-05-28 15:47:24,2007-05-28 15:47:24,False,False,False,False
D22,134088279.45902.45902,wikiconv:134088279.45902.45902,17,17,2007-05-28 16:05:37,2007-05-28 16:05:37,False,False,False,False
D22,136475192.46574.46574,wikiconv:134827485.46574.46574,18,18,2007-05-31 16:21:34,2007-05-31T15:21:34+00:00,True,False,True,True
D22,159498509.49229.49229,wikiconv:135773664.49226.49226,19,19,2007-06-04 14:18:47,2007-06-04T13:18:47+00:00,False,False,True,True
D22,136004285.49569.49569,wikiconv:136004285.49569.49569,20,20,2007-06-05 08:01:18,2007-06-05T07:01:18+00:00,False,False,True,True
D22,136004285.50097.50099,wikiconv:136004285.50097.50099,21,21,2007-06-05 08:34:39,2007-06-05 08:34:39,False,False,True,True
D22,159498509.51271.51269,wikiconv:159498509.51271.51269,22,22,2007-06-05 12:40:43,2007-06-05T11:40:43+00:00,False,False,False,False
D22,136475192.52006.52003,wikiconv:136475192.52006.52003,23,23,2007-06-07 00:22:10,2007-06-07 00:22:10,False,False,False,False
D22,137626705.52547.52547,wikiconv:137626705.52547.52547,24,24,2007-06-12 07:34:45,2007-06-12 07:34:45,False,False,False,False
D22,137628168.52911.52911,wikiconv:137628168.52911.52911,25,25,2007-06-12 07:50:09,2007-06-12 07:50:09,False,False,False,False
D22,139775172.53817.53817,wikiconv:139775172.53817.53817,26,26,2007-06-21 23:54:46,2007-06-21 23:54:46,False,False,False,False
D22,151460730.54141.54141,wikiconv:151460730.54141.54141,27,27,2007-08-15 21:31:41,2007-08-15 21:31:41,False,False,False,False
D23,555152996.57605.57605,,1,1,2013-05-15 03:25:24,2013-05-15 03:25:24,False,False,False,False
D23,555152996.57683.57605,wikiconv:555152996.57683.57605,2,2,2013-05-15 03:25:24,2013-05-15 03:25:24,False,False,True,True
D23,555156248.60008.60008,wikiconv:555156248.60008.60008,3,3,2013-05-15 03:50:56,2013-05-15 03:50:56,False,False,False,False
D23,555158778.60244.60244,wikiconv:555158778.60244.60244,4,4,2013-05-15 04:10:47,2013-05-15 04:10:47,False,False,False,False
D23,555165393.60479.60479,wikiconv:555165393.60479.60479,5,5,2013-05-15 05:22:24,2013-05-15 05:22:24,False,False,False,False
D23,555167714.60772.60772,wikiconv:555167714.60772.60772,6,6,2013-05-15 05:47:49,2013-05-15 05:47:49,False,False,False,False
D23,555198487.61082.61082,wikiconv:555198487.61082.61082,7,7,2013-05-15 12:10:48,2013-05-15 12:10:48,False,False,False,False
D23,555198691.61297.61297,wikiconv:555198691.61297.61297,8,8,2013-05-15 12:13:23,2013-05-15 12:13:23,False,False,False,False
D23,555202704.61547.61547,wikiconv:555202704.61547.61547,9,9,2013-05-15 13:02:29,2013-05-15 13:02:29,False,False,False,False
D23,555205077.61815.61815,wikiconv:555205077.61815.61815,10,10,2013-05-15 13:29:29,2013-05-15 13:29:29,False,False,False,False
D23,555208245.62104.62104,wikiconv:555208245.62104.62104,11,11,2013-05-15 13:58:37,2013-05-15 13:58:37,False,False,False,False
D23,555213892.63351.63351,wikiconv:555213892.63351.63351,13,12,2013-05-15 14:51:40,2013-05-15 14:51:40,False,True,True,True
D23,555216244.63670.63670,wikiconv:555216244.63670.63670,14,13,2013-05-15 15:10:27,2013-05-15 15:10:27,False,True,True,True
D23,555218035.64640.64640,wikiconv:555218035.64640.64640,15,14,2013-05-15 15:25:04,2013-05-15 15:25:04,False,True,True,True
D23,555233720.65399.65399,wikiconv:555233720.65399.65399,16,15,2013-05-15 17:26:28,2013-05-15 17:26:28,False,True,True,True
D23,555239430.65613.65613,wikiconv:555239430.65613.65613,17,16,2013-05-15 18:11:33,2013-05-15 18:11:33,False,True,True,True
D23,555264693.65825.65825,wikiconv:555264693.65825.65825,18,17,2013-05-15 21:20:54,2013-05-15 21:20:54,False,True,True,True
D23,555291619.67033.67033,wikiconv:555291619.67033.67033,20,18,2013-05-16 01:06:32,2013-05-16 01:06:32,False,True,True,True
D23,555387307.67476.67476,wikiconv:555387307.67476.67476,21,19,2013-05-16 17:40:31,2013-05-16 17:40:31,False,True,True,True
D23,555213044.62902.62902,wikiconv:555213044.62902.62902,12,20,2013-05-15 14:44:51,2013-05-15 14:44:51,False,True,False,True
D23,555272980.66014.66014,wikiconv:555272980.66014.66014,19,21,2013-05-15 22:23:35,2013-05-15 22:23:35,False,True,True,True
D24,395254444.21.21,,1,1,2010-11-06 23:24:45,2010-11-06 23:24:45,False,False,False,False
D24,395254444.43.21,wikiconv:395254444.43.21,2,2,2010-11-06 23:24:45,2010-11-06 23:24:45,False,False,True,True
D24,395351140.1404.1404,wikiconv:395351140.1404.1404,3,3,2010-11-07 14:09:09,2010-11-07T14:09:09+00:00,False,False,False,False
D24,395352400.4402.4402,wikiconv:395352400.4402.4402,4,4,2010-11-07 14:26:06,2010-11-07 14:26:06,False,False,False,False
D24,395361797.5516.5516,wikiconv:395361797.5516.5516,5,5,2010-11-07 15:30:09,2010-11-07 15:30:09,False,False,False,False
D25,533214754.15727.15727,,1,1,2013-01-15 15:46:45,2013-01-15 15:46:45,False,False,False,False
D25,533214754.15751.15727,wikiconv:533214754.15751.15727,2,2,2013-01-15 15:46:45,2013-01-15 15:46:45,False,False,True,True
D25,533215387.17377.17377,wikiconv:533215387.17377.17377,3,3,2013-01-15 15:51:48,2013-01-15 15:51:48,False,False,False,False
D25,533218612.17870.17870,wikiconv:533218612.17870.17870,4,4,2013-01-15 16:19:31,2013-01-15 16:19:31,False,False,False,False
D25,533279408.18768.18768,wikiconv:533279408.18768.18768,5,5,2013-01-15 23:34:10,2013-01-15 23:34:10,False,False,False,False
D25,533288224.19497.19497,wikiconv:533288224.19497.19497,6,6,2013-01-16 00:45:05,2013-01-16 00:45:05,False,False,False,False
D25,533288847.20976.20976,wikiconv:533288847.20976.20976,7,7,2013-01-16 00:50:00,2013-01-16 00:50:00,False,False,False,False
D25,533289166.21362.21362,wikiconv:533289166.21362.21362,8,8,2013-01-16 00:52:24,2013-01-16 00:52:24,False,False,False,False
D25,533293842.21567.21567,wikiconv:533293842.21567.21567,9,9,2013-01-16 01:26:20,2013-01-16 01:26:20,False,False,False,False
D25,533298314.22555.22555,wikiconv:533298314.22555.22555,10,10,2013-01-16 01:57:08,2013-01-16 01:57:08,False,False,False,False
D25,533316789.23058.23058,wikiconv:533316789.23058.23058,11,11,2013-01-16 04:34:57,2013-01-16 04:34:57,False,False,False,False
D25,533334940.23485.23485,wikiconv:533334940.23485.23485,12,12,2013-01-16 07:49:14,2013-01-16 07:49:14,False,False,False,False
D25,533363307.23789.23789,wikiconv:533363307.23789.23789,13,13,2013-01-16 13:31:19,2013-01-16 13:31:19,False,False,False,False
D25,533364710.24316.24316,wikiconv:533364710.24316.24316,14,14,2013-01-16 13:43:31,2013-01-16 13:43:31,False,False,False,False
D25,533372558.24444.24444,wikiconv:533372558.24444.24444,15,15,2013-01-16 14:54:13,2013-01-16 14:54:13,False,False,False,False
D26,19981747.46647.46647,wikiconv:19981747.46647.46647,1,1,2005-07-31 14:42:21,2005-07-31 14:42:21,False,False,False,False
D26,19982570.47938.47938,wikiconv:19982570.47938.47938,3,2,2005-07-31 15:04:04,2005-07-31T14:04:04+00:00,False,True,False,True
D26,19981747.46717.46647,wikiconv:19981747.46717.46647,2,3,2005-07-31 14:42:21,2005-07-31 14:42:21,False,True,False,True
D26,19983229.47399.47399,wikiconv:19983229.47399.47399,4,4,2005-07-31 15:21:19,2005-07-31 15:21:19,False,False,True,True
D26,19983676.48947.48947,wikiconv:19983676.48947.48947,5,5,2005-07-31 15:32:25,2005-07-31 15:32:25,False,False,True,True
D26,19984399.46961.46961,wikiconv:19984399.46961.46961,6,6,2005-07-31 15:48:24,2005-07-31 15:48:24,False,False,True,True
D26,19984399.47271.47168,wikiconv:19984399.47271.47168,7,7,2005-07-31 15:48:24,2005-07-31 15:48:24,False,False,True,True
D26,19984399.48214.47641,wikiconv:19984399.48214.47641,8,8,2005-07-31 15:48:24,2005-07-31 15:48:24,False,False,False,False
D26,19984399.48358.47746,wikiconv:19984399.48358.47746,9,9,2005-07-31 15:48:24,2005-07-31 15:48:24,False,False,True,True
D26,19984399.48954.48180,wikiconv:19984399.48954.48180,10,10,2005-07-31 15:48:24,2005-07-31 15:48:24,False,False,False,False
D26,19984399.50055.49195,wikiconv:19984399.50055.49195,11,11,2005-07-31 15:48:24,2005-07-31 15:48:24,False,False,False,False
D26,19984399.50699.49526,wikiconv:19984399.50699.49526,12,12,2005-07-31 15:48:24,2005-07-31 15:48:24,False,False,True,True
D26,19984399.51108.49804,wikiconv:19984399.51108.49804,13,13,2005-07-31 15:48:24,2005-07-31 15:48:24,False,False,True,True
D27,668643708.87456.87456,,1,1,2015-06-25 18:36:41,2015-06-25 18:36:41,False,False,False,False
D27,668643708.87486.87456,wikiconv:668643708.87486.87456,2,2,2015-06-25 18:36:41,2015-06-25 18:36:41,False,False,True,True
D27,668656320.87877.87877,wikiconv:668656320.87877.87877,3,3,2015-06-25 20:00:43,2015-06-25 20:00:43,False,False,False,False
D27,668684727.92572.92572,wikiconv:668684727.92572.92572,6,4,2015-06-25 23:57:53,2015-06-25 23:57:53,False,True,True,True
D27,668688954.93712.93712,wikiconv:668688954.93712.93712,7,5,2015-06-26 00:45:01,2015-06-26 00:45:01,False,True,True,True
D27,668704136.93954.93954,wikiconv:668704136.93954.93954,8,6,2015-06-26 03:26:28,2015-06-26 03:26:28,False,True,True,True
D27,668714494.95685.95685,wikiconv:668714494.95685.95685,9,7,2015-06-26 05:24:35,2015-06-26 05:24:35,False,True,True,True
D27,668917598.95887.95887,wikiconv:668917598.95887.95887,10,8,2015-06-27 16:55:11,2015-06-27 16:55:11,False,True,True,True
D27,670110362.97609.97609,wikiconv:670110362.97609.97609,14,9,2015-07-05 23:32:54,2015-07-05 23:32:54,False,True,True,True
D27,670192293.98627.98627,wikiconv:670192293.98627.98627,16,10,2015-07-06 13:39:45,2015-07-06 13:39:45,False,True,True,True
D27,728833517.35378.35378,wikiconv:728833517.35378.35378,17,11,2016-07-08 00:30:44,2016-07-08 00:30:44,False,True,True,True
D27,729237203.35588.35588,wikiconv:729237203.35588.35588,18,12,2016-07-10 22:30:14,2016-07-10T21:30:14+00:00,False,True,True,True
D27,729448673.36231.36231,wikiconv:729448673.36231.36231,19,13,2016-07-12 09:07:05,2016-07-12 09:07:05,False,True,True,True
D27,729499578.36352.36352,wikiconv:729499578.36352.36352,20,14,2016-07-12 17:28:20,2016-07-12 17:28:20,False,True,True,True
D27,733433234.36517.36517,wikiconv:733433234.36517.36517,21,15,2016-08-07 20:51:56,2016-08-07 20:51:56,False,True,True,True
D27,668665208.89723.89723,wikiconv:668665208.89723.89723,4,16,2015-06-25 21:11:47,2015-06-25 21:11:47,False,True,True,True
D27,668684445.91032.91032,wikiconv:668684445.91032.91032,5,17,2015-06-25 23:54:28,2015-06-25 23:54:28,False,True,True,True
D27,669826076.96366.96366,wikiconv:669826076.96366.96366,11,18,2015-07-03 21:32:15,2015-07-03 21:32:15,False,True,True,True
D27,669833607.96592.96592,wikiconv:669833607.96592.96592,12,19,2015-07-03 22:32:34,2015-07-03 22:32:34,False,True,True,True
D27,670052010.97233.97233,wikiconv:670052010.97233.97233,13,20,2015-07-05 14:51:47,2015-07-05 14:51:47,False,True,True,True
D27,670126267.98268.98268,wikiconv:670126267.98268.98268,15,21,2015-07-06 02:03:15,2015-07-06 02:03:15,False,True,True,True
D27,758545181.37295.37295,wikiconv:758545181.37295.37295,22,22,2017-01-06 02:30:22,2017-01-06 02:30:22,False,False,True,True
D28,199489023.17543.17543,wikiconv:199489023.17543.17543,1,1,2008-03-20 01:13:45,2008-03-20 01:13:45,False,False,False,False
D28,199489023.17571.17543,wikiconv:199489023.17571.17543,2,2,2008-03-20 01:13:45,2008-03-20 01:13:45,False,False,False,False
D28,199520687.18556.18556,wikiconv:199520687.18556.18556,3,3,2008-03-20 04:09:25,2008-03-20 04:09:25,False,False,False,False
D28,216998519.19927.19927,wikiconv:216998519.19927.19927,4,4,2008-06-04 05:18:52,2008-06-04 05:18:52,False,False,False,False
D28,217739579.21017.21017,wikiconv:217739579.21017.21017,5,5,2008-06-04 10:27:00,2008-06-04T09:27:00+00:00,False,False,False,False
D28,217476955.25337.25337,wikiconv:217476955.25337.25337,6,6,2008-06-06 06:28:07,2008-06-06T05:28:07+00:00,False,False,False,False
D28,217739579.24102.24078,wikiconv:217739579.24102.24078,7,7,2008-06-07 13:58:00,2008-06-07 13:58:00,False,False,False,False
D29,508791656.5621.5621,,1,1,2012-08-23 16:27:27,2012-08-23 16:27:27,False,False,False,False
D29,508811418.5905.5905,wikiconv:508811418.5905.5905,2,2,2012-08-23 18:53:46,2012-08-23 18:53:46,False,False,True,True
D29,508833872.6196.6196,wikiconv:508833872.6196.6196,4,3,2012-08-23 21:40:22,2012-08-23 21:40:22,False,True,False,True
D29,512213328.8545.8545,wikiconv:512213328.8545.8545,8,4,2012-09-13 18:16:21,2012-09-13 18:16:21,False,True,True,True
D29,508815612.5639.5639,wikiconv:508815612.5639.5639,3,5,2012-08-23 19:24:24,2012-08-23 19:24:24,False,True,True,True
D29,508842262.6546.6546,wikiconv:508842262.6546.6546,5,6,2012-08-23 22:44:42,2012-08-23 22:44:42,False,True,True,True
D29,509405036.7140.7140,wikiconv:509405036.7140.7140,6,7,2012-08-27 11:33:28,2012-08-27 11:33:28,False,True,True,True
D29,509405098.7635.7635,wikiconv:509405098.7635.7635,7,8,2012-08-27 11:34:00,2012-08-27 11:34:00,False,True,True,True
D30,181363075.1084.1085,,1,1,2008-01-01 10:16:22,2008-01-01 10:16:22,False,False,False,False
D30,181366674.1476.1476,wikiconv:181366674.1476.1476,2,2,2008-01-01 11:04:12,2008-01-01 11:04:12,False,False,True,True
D30,181377923.2451.2451,wikiconv:181377923.2451.2451,3,3,2008-01-01 13:16:36,2008-01-01 13:16:36,False,False,False,False
D30,181458312.3149.3149,wikiconv:181458312.3149.3149,4,4,2008-01-01 22:18:32,2008-01-01 22:18:32,False,False,False,False
D30,181476477.5041.5041,wikiconv:181476477.5041.5041,5,5,2008-01-01 23:52:20,2008-01-01 23:52:20,False,False,False,False
D30,181484188.6788.6788,wikiconv:181484188.6788.6788,6,6,2008-01-02 00:26:37,2008-01-02T00:26:37+00:00,False,False,False,False
D31,456469839.18458.18458,wikiconv:456469839.18458.18458,1,1,2011-10-20 06:16:19,2011-10-20 06:16:19,False,False,False,False
D31,456469839.18485.18458,wikiconv:456469839.18485.18458,2,2,2011-10-20 06:16:19,2011-10-20 06:16:19,False,False,False,False
D31,456481516.21427.21427,wikiconv:456481516.21427.21427,3,3,2011-10-20 08:16:40,2011-10-20T07:16:40+00:00,False,False,False,False
D31,456480188.21216.21216,wikiconv:456480188.21216.21216,4,4,2011-10-20 08:27:56,2011-10-20 08:27:56,False,False,False,False
D31,456485303.21963.21963,wikiconv:456485303.21963.21963,5,5,2011-10-20 09:37:44,2011-10-20 09:37:44,False,False,False,False
D31,456490922.25438.25438,wikiconv:456490922.25438.25438,6,6,2011-10-20 10:50:56,2011-10-20 10:50:56,False,False,False,False
D31,456640674.26074.26074,wikiconv:456640674.26074.26074,7,7,2011-10-21 07:45:58,2011-10-21 07:45:58,False,False,False,False
D31,456744595.29044.29044,wikiconv:456744595.29044.29044,8,8,2011-10-21 12:07:49,2011-10-21T11:07:49+00:00,False,False,False,False
D31,456796056.30641.30641,wikiconv:456796056.30641.30641,9,9,2011-10-22 08:49:20,2011-10-22 08:49:20,False,False,False,False
D32,308287895.17875.17875,,1,1,2009-08-16 13:26:28,2009-08-16 13:26:28,False,False,False,False
D32,308287895.17885.17875,wikiconv:308287895.17885.17875,2,2,2009-08-16 13:26:28,2009-08-16 13:26:28,False,False,True,True
D32,308294202.18131.18131,wikiconv:308294202.18131.18131,3,3,2009-08-16 14:26:50,2009-08-16 14:26:50,False,False,False,False
D32,308310297.18194.18194,wikiconv:308310297.18194.18194,4,4,2009-08-16 16:49:20,2009-08-16T15:49:20+00:00,False,False,True,True
D32,308313175.18408.18408,wikiconv:308313175.18408.18408,5,5,2009-08-16 17:12:00,2009-08-16 17:12:00,False,False,False,False
D32,308313793.18828.18828,wikiconv:308313793.18828.18828,6,6,2009-08-16 17:16:26,2009-08-16 17:16:26,False,False,False,False
D32,308314148.19122.19122,wikiconv:308314148.19122.19122,7,7,2009-08-16 17:19:05,2009-08-16 17:19:05,False,False,True,True
D32,308497600.20787.20787,wikiconv:308497600.20787.20787,9,8,2009-08-17 15:45:52,2009-08-17T14:45:52+00:00,False,True,True,True
D32,308484801.19252.19252,wikiconv:308484801.19252.19252,8,9,2009-08-17 15:33:40,2009-08-17 15:33:40,False,True,False,True
D32,308637055.21261.21261,wikiconv:308637055.21261.21261,10,10,2009-08-18 08:04:47,2009-08-18 08:04:47,False,False,True,True
D32,308695107.21677.21677,wikiconv:308695107.21677.21677,11,11,2009-08-18 16:02:42,2009-08-18 16:02:42,False,False,False,False
D33,533196476.27258.27258,,1,1,2013-01-15 13:04:39,2013-01-15 13:04:39,False,False,False,False
D33,533196476.27285.27258,wikiconv:533196476.27285.27258,2,2,2013-01-15 13:04:39,2013-01-15 13:04:39,False,False,True,True
D33,533247574.27712.27712,wikiconv:533247574.27712.27712,3,3,2013-01-15 19:51:20,2013-01-15 19:51:20,False,False,False,False
D33,533248048.28237.28237,wikiconv:533248048.28237.28237,4,4,2013-01-15 19:54:48,2013-01-15 19:54:48,False,False,False,False
D33,533254703.29439.29439,wikiconv:533254703.29439.29439,6,5,2013-01-15 20:41:22,2013-01-15 20:41:22,False,True,True,True
D33,533257102.30119.30119,wikiconv:533257102.30119.30119,7,6,2013-01-15 20:58:05,2013-01-15 20:58:05,False,True,True,True
D33,533259732.30710.30710,wikiconv:533259732.30710.30710,8,7,2013-01-15 21:15:56,2013-01-15 21:15:56,False,True,True,True
D33,533261186.31465.31465,wikiconv:533261186.31465.31465,10,8,2013-01-15 21:25:28,2013-01-15 21:25:28,False,True,True,True
D33,533261551.31800.31800,wikiconv:533261551.31800.31800,11,9,2013-01-15 21:27:54,2013-01-15 21:27:54,False,True,True,True
D33,533254303.28477.28477,wikiconv:533254303.28477.28477,5,10,2013-01-15 20:38:30,2013-01-15 20:38:30,False,True,True,True
D33,533260926.31280.31280,wikiconv:533260926.31280.31280,9,11,2013-01-15 21:23:47,2013-01-15 21:23:47,False,True,True,True
D34,259966076.74445.74445,wikiconv:259966076.74445.74445,1,1,2008-12-24 21:50:53,2008-12-24 21:50:53,False,False,False,False
D34,259966132.74467.74467,wikiconv:259966132.74467.74467,2,2,2008-12-24 21:50:53,2008-12-24T21:50:53+00:00,False,False,False,False
D34,259968994.75175.75175,wikiconv:259968994.75175.75175,3,3,2008-12-24 22:16:16,2008-12-24 22:16:16,False,False,False,False
D34,260520779.75255.75255,wikiconv:260520779.75255.75255,4,4,2008-12-28 18:03:51,2008-12-28 18:03:51,False,False,False,False
D34,260624906.75956.75956,wikiconv:260624906.75956.75956,5,5,2008-12-29 05:52:41,2008-12-29T05:52:41+00:00,False,False,False,False
D34,261579745.76687.76687,wikiconv:261579745.76687.76687,6,6,2009-01-03 02:01:48,2009-01-03T02:01:48+00:00,False,False,False,False
D34,261582146.80305.80305,wikiconv:261582146.80305.80305,7,7,2009-01-03 02:01:48,2009-01-03T02:01:48+00:00,False,False,False,False
D34,261581133.75986.75986,wikiconv:261581133.75986.75986,8,8,2009-01-03 02:04:55,2009-01-03T02:04:55+00:00,False,False,False,False
D34,261592711.81174.81174,wikiconv:261592711.81174.81174,9,9,2009-01-03 03:20:22,2009-01-03 03:20:22,False,False,False,False
D34,261598005.81765.81765,wikiconv:261598005.81765.81765,10,10,2009-01-03 03:45:43,2009-01-03T03:45:43+00:00,False,False,False,False
D34,261737853.82232.82232,wikiconv:261737853.82232.82232,11,11,2009-01-03 19:54:00,2009-01-03 19:54:00,False,False,False,False
D34,261784138.83240.83240,wikiconv:261784138.83240.83240,12,12,2009-01-03 23:53:51,2009-01-03 23:53:51,False,False,False,False
D34,261908068.83723.83723,wikiconv:261908068.83723.83723,13,13,2009-01-04 16:04:23,2009-01-04T16:04:23+00:00,False,False,False,False
D34,262028439.86413.86413,wikiconv:262028439.86413.86413,14,14,2009-01-04 17:24:02,2009-01-04T17:24:02+00:00,False,False,False,False
D34,261940383.87642.87642,wikiconv:261940383.87642.87642,15,15,2009-01-04 19:38:57,2009-01-04 19:38:57,False,False,False,False
D34,262037478.88874.88874,wikiconv:262037478.88874.88874,16,16,2009-01-05 03:55:13,2009-01-05T03:55:13+00:00,False,False,False,False
D34,262033534.90126.90126,wikiconv:262031014.90126.90126,17,17,2009-01-05 04:13:04,2009-01-05T04:13:04+00:00,True,False,False,True
D34,262038260.91012.91012,wikiconv:262038260.91012.91012,18,18,2009-01-05 04:31:17,2009-01-05T04:31:17+00:00,False,False,False,False
D34,262038357.91604.91604,wikiconv:262038357.91604.91604,19,19,2009-01-05 05:09:03,2009-01-05T05:09:03+00:00,False,False,False,False
